{
  "channels": [
    "VV",
    "VH",
    "B2",
    "B3",
    "B4",
    "B8"
  ],
  "stats": {
    "VV": {
      "p1": -24.37485694885254,
      "p99": -2.5593345165252686
    },
    "VH": {
      "p1": -35.12226104736328,
      "p99": -9.700432777404785
    },
    "B2": {
      "p1": 0.0,
      "p99": 4863.0
    },
    "B3": {
      "p1": 0.0,
      "p99": 4766.0
    },
    "B4": {
      "p1": 0.0,
      "p99": 5004.0
    },
    "B8": {
      "p1": 0.0,
      "p99": 5559.0
    }
  },
  "fit_on": "train",
  "target_range": [
    -1.0,
    1.0
  ],
  "note": "Clip to [p1,p99] then scale to [-1,1] per channel. NaNs preserved."
}