{
  "mean": [
    -0.4348120391368866,
    -0.43460115790367126,
    -0.43438076972961426,
    -0.4336403012275696,
    -0.4342253804206848,
    -0.43433594703674316,
    -0.4348880350589752,
    -0.43527138233184814
  ],
  "std": [
    0.20807984471321106,
    0.2078883796930313,
    0.20733597874641418,
    0.20728430151939392,
    0.20707030594348907,
    0.20720772445201874,
    0.2073330581188202,
    0.20774304866790771
  ],
  "region_grid": [
    4,
    2
  ],
  "band_order": [
    0,
    1,
    2,
    3,
    4,
    5
  ],
  "max_sar_nan_frac": 0.5
}