{
  "feature": "z_hw",
  "models": {
    "logreg": {
      "val": {
        "accuracy": 0.7954620190726734,
        "precision": 0.6741229678523408,
        "recall": 0.8380185382160766,
        "f1": 0.7471887278146593,
        "roc_auc": 0.8883631866223362
      },
      "test": {
        "accuracy": 0.8234220695577501,
        "precision": 0.7284870279989725,
        "recall": 0.8282710280373832,
        "f1": 0.7751810851441848,
        "roc_auc": 0.9075194178626491
      },
      "val_confusion_matrix": [
        [
          8999,
          2666
        ],
        [
          1066,
          5515
        ]
      ],
      "test_confusion_matrix": [
        [
          9670,
          2114
        ],
        [
          1176,
          5672
        ]
      ],
      "val_report": "              precision    recall  f1-score   support\n\n           0       0.89      0.77      0.83     11665\n           1       0.67      0.84      0.75      6581\n\n    accuracy                           0.80     18246\n   macro avg       0.78      0.80      0.79     18246\nweighted avg       0.81      0.80      0.80     18246\n",
      "test_report": "              precision    recall  f1-score   support\n\n           0       0.89      0.82      0.85     11784\n           1       0.73      0.83      0.78      6848\n\n    accuracy                           0.82     18632\n   macro avg       0.81      0.82      0.81     18632\nweighted avg       0.83      0.82      0.83     18632\n"
    },
    "svm_rbf": {
      "svm_params": {
        "C": 5.0,
        "gamma": "scale"
      },
      "val": {
        "accuracy": 0.9085278965252658,
        "precision": 0.8756500458855919,
        "recall": 0.869928582282328,
        "f1": 0.872779937495236,
        "roc_auc": 0.9594654577501782
      },
      "test": {
        "accuracy": 0.911281665951052,
        "precision": 0.8870511101177172,
        "recall": 0.869304906542056,
        "f1": 0.8780883545984217,
        "roc_auc": 0.9537035605065637
      },
      "val_confusion_matrix": [
        [
          10852,
          813
        ],
        [
          856,
          5725
        ]
      ],
      "test_confusion_matrix": [
        [
          11026,
          758
        ],
        [
          895,
          5953
        ]
      ],
      "val_report": "              precision    recall  f1-score   support\n\n           0       0.93      0.93      0.93     11665\n           1       0.88      0.87      0.87      6581\n\n    accuracy                           0.91     18246\n   macro avg       0.90      0.90      0.90     18246\nweighted avg       0.91      0.91      0.91     18246\n",
      "test_report": "              precision    recall  f1-score   support\n\n           0       0.92      0.94      0.93     11784\n           1       0.89      0.87      0.88      6848\n\n    accuracy                           0.91     18632\n   macro avg       0.91      0.90      0.90     18632\nweighted avg       0.91      0.91      0.91     18632\n"
    }
  }
}